dataset	family	model_key	corr_metric	layer_index	layer_name	metric_score	raw_value_mean	family_rank
AGIQA-3K	CLIP	clip_vit_l14_336	pcc	17	hidden_state_017	0.982388217917459	0.5069824598491894	1
AGIQA-3K	CLIP	clip_vit_l14	pcc	17	hidden_state_017	0.9749683189529177	0.48743509763856185	2
AGIQA-3K	CLIP	clip_vit_b16	pcc	8	hidden_state_008	0.9223588667384255	0.38209442630159385	3
AGIQA-3K	CLIP	clip_vit_b32	pcc	7	hidden_state_007	0.9121315197617517	0.37465715988699155	4
AGIQA-3K	ConvNeXt	convnext_tiny	pcc	2	hidden_state_002	0.8131256684400029	0.3078702683448889	1
AGIQA-3K	ConvNeXt	convnext_large	pcc	2	hidden_state_002	0.7822295547630757	0.29518596364544636	2
AGIQA-3K	ConvNeXt	convnext_base	pcc	2	hidden_state_002	0.7048467703386304	0.2714596779899172	3
AGIQA-3K	ConvNeXt	convnext_small	pcc	2	hidden_state_002	0.6915871559790776	0.2676296081446604	4
AGIQA-3K	DINO	dino_vits16	pcc	6	hidden_state_006	0.8238413420039961	0.312136568994378	1
AGIQA-3K	DINO	dino_vits8	pcc	5	hidden_state_005	0.7936949128061928	0.2968474069379851	2
AGIQA-3K	DINO	dino_vitb8	pcc	5	hidden_state_005	0.7311044262334545	0.2697464033048228	3
AGIQA-3K	DINO	dino_vitb16	pcc	5	hidden_state_005	0.6770783540642871	0.2557111932503492	4
AGIQA-3K	DINOv2	dinov2_large	pcc	13	hidden_state_013	0.9554881288494407	0.4381771618201673	1
AGIQA-3K	DINOv2	dinov2_base	pcc	3	hidden_state_003	0.9295421250459955	0.3906762083318531	2
AGIQA-3K	DINOv2	dinov2_small	pcc	3	hidden_state_003	0.9286127570162558	0.3897245033857419	3
AGIQA-3K	DINOv2	dinov2_giant	pcc	21	hidden_state_021	0.9191136012710247	0.37956974362784157	4
AGIQA-3K	DINOv3	dinov3_vith16plus	pcc	21	block_021	0.9656961319032012	0.45852577586513343	1
AGIQA-3K	DINOv3	dinov3_vit7b16	pcc	20	block_020	0.8672776910405827	0.34304258111435737	2
AGIQA-3K	DINOv3	dinov3_vitl16	pcc	13	block_013	0.8472369570375771	0.3267080755177426	3
AGIQA-3K	DINOv3	dinov3_vitb16	pcc	12	canonical_embedding	0.7724097197624394	0.2856991380439286	4
AGIQA-3K	DINOv3	dinov3_vits16plus	pcc	1	block_001	0.7338031184123196	0.27486743540902264	5
AGIQA-3K	DINOv3	dinov3_vits16	pcc	4	block_004	0.7132785714040077	0.26496084031959893	6
AGIQA-3K	FastViT	fastvit_ma36	pcc	2	feature_map_002	0.7553314000873486	0.2815590754111026	1
AGIQA-3K	FastViT	fastvit_sa24	pcc	2	feature_map_002	0.7376594369112999	0.27232988181756307	2
AGIQA-3K	FastViT	fastvit_s12	pcc	1	feature_map_001	0.6595267530752539	0.2509705577073614	3
AGIQA-3K	FastViT	fastvit_t12	pcc	1	feature_map_001	0.6259609631038313	0.23777120648261363	4
AGIQA-3K	FastViT	fastvit_sa12	pcc	2	feature_map_002	0.40598273146508296	0.1670675903445515	5
AGIQA-3K	FastViT	fastvit_t8	pcc	1	feature_map_001	0.3846934547042701	0.1547473808749268	6
AGIQA-3K	FastViT	fastvit_sa36	pcc	2	feature_map_002	0.3614237901021015	0.1459211123377041	7
AGIQA-3K	FastViTHD	fastvithd_15b	pcc	38	block_038	0.5077051143612723	0.19845323587388788	1
AGIQA-3K	FastViTHD	fastvithd_05b	pcc	38	block_038	0.47095295042109575	0.18563110635946864	2
AGIQA-3K	FastViTHD	fastvithd_7b	pcc	1	block_001	0.4325993245961849	0.17112295483754691	3
AGIQA-3K	I-JEPA	ijepa_vith14	pcc	21	hidden_state_021	0.724597775362892	0.2684765159070168	1
AGIQA-3K	InternViT	internvit_6b_v25	pcc	26	hidden_state_026	0.9981498612395929	0.560346961625262	1
AGIQA-3K	InternViT	internvit_300m_v25	pcc	9	hidden_state_009	0.8697870277073755	0.3467773006536401	2
AGIQA-3K	InternViT	internvit_300m	pcc	9	hidden_state_009	0.8291798348630794	0.3157100735438335	3
AGIQA-3K	MAE	vit_mae_large	pcc	12	hidden_state_012	0.7390233984091558	0.27272963088635815	1
AGIQA-3K	MAE	vit_mae_huge	pcc	11	hidden_state_011	0.6935886072031611	0.2599156586120045	2
AGIQA-3K	MAE	vit_mae_base	pcc	8	hidden_state_008	0.6097043302875969	0.23346342201311462	3
AGIQA-3K	ResNeXt	resnext101_32x8d	pcc	2	feature_map_002	0.7171024350989893	0.2681125352915849	1
AGIQA-3K	ResNeXt	resnext50_32x4d	pcc	2	feature_map_002	0.5727004804170722	0.2214236092326217	2
AGIQA-3K	ResNet	resnet18	pcc	2	hidden_state_002	0.6396053065968795	0.24181394987893895	1
AGIQA-3K	ResNet	resnet50	pcc	2	hidden_state_002	0.6047110189862753	0.2319024602152635	2
AGIQA-3K	ResNet	resnet34	pcc	2	hidden_state_002	0.590591889651947	0.22796183145046653	3
AGIQA-3K	ResNet	resnet101	pcc	2	hidden_state_002	0.5263567397666349	0.2052971081639135	4
AGIQA-3K	ResNet	resnet152	pcc	0	hidden_state_000	0.49974616474488376	0.19646540434951348	5
AGIQA-3K	SigLIP	siglip_so400m	pcc	13	hidden_state_013	0.9758794177221284	0.4878488269227008	1
AGIQA-3K	SigLIP	siglip_large	pcc	10	hidden_state_010	0.9002208216266778	0.3731730443645902	2
AGIQA-3K	SigLIP	siglip_base	pcc	8	hidden_state_008	0.7698690029540319	0.285128223522064	3
AGIQA-3K	SigLIP2	siglip2_large	pcc	1	pooler_output	0.6478584987740252	0.25473931509349745	1
AGIQA-3K	SigLIP2	siglip2_so400m	pcc	1	pooler_output	0.6078256055077738	0.23184281606758286	2
AGIQA-3K	SigLIP2	siglip2_base_naflex	pcc	1	pooler_output	0.5429460880569761	0.2071059769301345	3
AGIQA-3K	SigLIP2	siglip2_so400m_naflex	pcc	1	pooler_output	0.4476577088541864	0.17744265872979312	4
AGIQA-3K	SigLIP2	siglip2_base	pcc	1	pooler_output	0.26571091925760604	0.11897784956118912	5
AGIQA-3K	Swin	swin_base	pcc	3	hidden_state_003	0.8313592501779641	0.32035889904643183	1
AGIQA-3K	Swin	swin_small	pcc	3	hidden_state_003	0.6874469116782271	0.2633303158667375	2
AGIQA-3K	Swin	swin_large	pcc	3	hidden_state_003	0.6182326360350632	0.23757165367845365	3
AGIQA-3K	Swin	swin_tiny	pcc	3	hidden_state_003	0.5559467087819691	0.21596989321905116	4
AGIQA-3K	SwinV2	swinv2_large	pcc	3	hidden_state_003	0.8421017903015589	0.32530710715848005	1
AGIQA-3K	SwinV2	swinv2_small	pcc	3	hidden_state_003	0.5878373150291104	0.22602232031558775	2
AGIQA-3K	SwinV2	swinv2_tiny	pcc	3	hidden_state_003	0.4091693203663137	0.16350210724881964	3
AGIQA-3K	SwinV2	swinv2_base	pcc	2	hidden_state_002	0.3555133619222185	0.14777693903765113	4
AGIQA-3K	VGG	vgg19_bn	pcc	2	feature_map_002	0.7258024718954293	0.26798173166817024	1
AGIQA-3K	VGG	vgg16_bn	pcc	2	feature_map_002	0.6578057887334116	0.24945905011348135	2
AGIQA-3K	VGG	vgg13	pcc	1	feature_map_001	0.6176185739488083	0.24287733181378765	3
AGIQA-3K	VGG	vgg16	pcc	1	feature_map_001	0.5983975924123677	0.23428940749431781	4
AGIQA-3K	VGG	vgg19	pcc	1	feature_map_001	0.5167344277121899	0.20802107523255842	5
AGIQA-3K	VGG	vgg11_bn	pcc	2	feature_map_002	0.4830820199526117	0.19063556492235387	6
AGIQA-3K	VGG	vgg13_bn	pcc	2	feature_map_002	0.4781037539246671	0.18985583991183877	7
AGIQA-3K	VGG	vgg11	pcc	2	feature_map_002	0.46965927184315776	0.18841051747107398	8
AGIQA-3K	ViT	vit_small	pcc	3	block_003	0.8491150370199698	0.32737763544652043	1
AGIQA-3K	ViT	vit_tiny	pcc	3	block_003	0.8106365354260305	0.3048110749622541	2
AGIQA-3K	ViT	vit_huge	pcc	16	hidden_state_016	0.7614101203965762	0.2837892281463198	3
AGIQA-3K	ViT	vit_base	pcc	3	hidden_state_003	0.6816996172482452	0.2593012446588005	4
AGIQA-3K	ViT	vit_large	pcc	14	hidden_state_014	0.6764041108845245	0.2555324047079652	5
AGIQA-3K	CLIP	clip_vit_l14_336	scc	17	hidden_state_017	0.9837360594795539	0.48464434987105187	1
AGIQA-3K	CLIP	clip_vit_l14	scc	17	hidden_state_017	0.9776951672862454	0.45855796026251694	2
AGIQA-3K	CLIP	clip_vit_b16	scc	6	hidden_state_006	0.9126394052044611	0.3140726397930826	3
AGIQA-3K	CLIP	clip_vit_b32	scc	7	hidden_state_007	0.9075278810408922	0.311400282233809	4
AGIQA-3K	ConvNeXt	convnext_tiny	scc	2	hidden_state_002	0.6830855018587361	0.20646305149656896	1
AGIQA-3K	ConvNeXt	convnext_large	scc	2	hidden_state_002	0.6538104089219331	0.2000743170387022	2
AGIQA-3K	ConvNeXt	convnext_small	scc	2	hidden_state_002	0.5864312267657993	0.1820337405070817	3
AGIQA-3K	ConvNeXt	convnext_base	scc	1	hidden_state_001	0.5678438661710037	0.17590003954914185	4
AGIQA-3K	DINO	dino_vits8	scc	4	hidden_state_004	0.7788104089219331	0.23039721724519197	1
AGIQA-3K	DINO	dino_vits16	scc	7	hidden_state_007	0.7718401486988847	0.22772291259436317	2
AGIQA-3K	DINO	dino_vitb8	scc	4	hidden_state_004	0.6974907063197027	0.2100120031377061	3
AGIQA-3K	DINO	dino_vitb16	scc	5	hidden_state_005	0.6854089219330854	0.20707611876258217	4
AGIQA-3K	DINOv2	dinov2_large	scc	13	hidden_state_013	0.9465613382899628	0.37864716763203854	1
AGIQA-3K	DINOv2	dinov2_giant	scc	21	hidden_state_021	0.904739776951673	0.30612539007393536	2
AGIQA-3K	DINOv2	dinov2_base	scc	5	hidden_state_005	0.9038104089219331	0.30678508790332704	3
AGIQA-3K	DINOv2	dinov2_small	scc	5	hidden_state_005	0.8805762081784387	0.2864601687933581	4
AGIQA-3K	DINOv3	dinov3_vith16plus	scc	21	block_021	0.9651486988847584	0.4210922240248326	1
AGIQA-3K	DINOv3	dinov3_vit7b16	scc	40	canonical_embedding	0.8991635687732342	0.3060172921507185	2
AGIQA-3K	DINOv3	dinov3_vitl16	scc	23	block_023	0.8619888475836431	0.2758493555561444	3
AGIQA-3K	DINOv3	dinov3_vitb16	scc	12	canonical_embedding	0.8452602230483272	0.26448413993281733	4
AGIQA-3K	DINOv3	dinov3_vits16plus	scc	1	block_001	0.6565985130111525	0.19950228299784994	5
AGIQA-3K	DINOv3	dinov3_vits16	scc	6	block_006	0.6198884758364313	0.19191099839806397	6
AGIQA-3K	FastViT	fastvit_ma36	scc	2	feature_map_002	0.7425650557620818	0.22334891974169258	1
AGIQA-3K	FastViT	fastvit_sa24	scc	2	feature_map_002	0.7383828996282529	0.22030327059193847	2
AGIQA-3K	FastViT	fastvit_sa12	scc	2	feature_map_002	0.54182156133829	0.17444218265547756	3
AGIQA-3K	FastViT	fastvit_s12	scc	1	feature_map_001	0.5232342007434945	0.17005735312230114	4
AGIQA-3K	FastViT	fastvit_t12	scc	1	feature_map_001	0.5199814126394052	0.16829013657885028	5
AGIQA-3K	FastViT	fastvit_sa36	scc	2	feature_map_002	0.4618959107806691	0.15458589787475005	6
AGIQA-3K	FastViT	fastvit_t8	scc	1	feature_map_001	0.3118029739776952	0.1169375375327559	7
AGIQA-3K	FastViTHD	fastvithd_05b	scc	5	block_005	0.5092936802973977	0.16608328152000532	1
AGIQA-3K	FastViTHD	fastvithd_15b	scc	1	block_001	0.5013940520446096	0.16139765947142837	2
AGIQA-3K	FastViTHD	fastvithd_7b	scc	1	block_001	0.4753717472118959	0.15632437527159787	3
AGIQA-3K	I-JEPA	ijepa_vith14	scc	21	hidden_state_021	0.733271375464684	0.21800170341832975	1
AGIQA-3K	InternViT	internvit_6b_v25	scc	34	hidden_state_034	0.9995353159851301	0.5417795394313989	1
AGIQA-3K	InternViT	internvit_300m_v25	scc	24	hidden_state_024	0.91682156133829	0.3216242105340831	2
AGIQA-3K	InternViT	internvit_300m	scc	9	hidden_state_009	0.8592007434944238	0.2720997184973788	3
AGIQA-3K	MAE	vit_mae_large	scc	12	hidden_state_012	0.7681226765799256	0.22693100744400796	1
AGIQA-3K	MAE	vit_mae_huge	scc	11	hidden_state_011	0.7560408921933086	0.2229399637247737	2
AGIQA-3K	MAE	vit_mae_base	scc	3	hidden_state_003	0.6589219330855018	0.2001028874090171	3
AGIQA-3K	ResNeXt	resnext101_32x8d	scc	2	feature_map_002	0.6324349442379182	0.19430908998889296	1
AGIQA-3K	ResNeXt	resnext50_32x4d	scc	2	feature_map_002	0.4758364312267658	0.1587397600465993	2
AGIQA-3K	ResNet	resnet18	scc	2	hidden_state_002	0.5766728624535316	0.18311784191570893	1
AGIQA-3K	ResNet	resnet50	scc	2	hidden_state_002	0.5432156133828996	0.17481889383818833	2
AGIQA-3K	ResNet	resnet101	scc	0	hidden_state_000	0.5381040892193308	0.17354517192608615	3
AGIQA-3K	ResNet	resnet152	scc	0	hidden_state_000	0.5353159851301115	0.1718737154499386	4
AGIQA-3K	ResNet	resnet34	scc	2	hidden_state_002	0.512546468401487	0.16815328692410295	5
AGIQA-3K	SigLIP	siglip_so400m	scc	13	hidden_state_013	0.9758364312267658	0.45273664896280397	1
AGIQA-3K	SigLIP	siglip_large	scc	10	hidden_state_010	0.9061338289962825	0.3128074297677452	2
AGIQA-3K	SigLIP	siglip_base	scc	8	hidden_state_008	0.8136617100371748	0.24672966619482045	3
AGIQA-3K	SigLIP2	siglip2_large	scc	1	pooler_output	0.6273234200743494	0.21327705424419222	1
AGIQA-3K	SigLIP2	siglip2_so400m	scc	1	pooler_output	0.5776022304832714	0.18344833769302485	2
AGIQA-3K	SigLIP2	siglip2_base_naflex	scc	1	pooler_output	0.5283457249070631	0.1661576376377381	3
AGIQA-3K	SigLIP2	siglip2_so400m_naflex	scc	1	pooler_output	0.3392193308550186	0.12224120668210028	4
AGIQA-3K	SigLIP2	siglip2_base	scc	1	pooler_output	0.21143122676579928	0.08146087769996022	5
AGIQA-3K	Swin	swin_base	scc	3	hidden_state_003	0.8712825278810409	0.2864039917623796	1
AGIQA-3K	Swin	swin_small	scc	3	hidden_state_003	0.7690520446096655	0.23867765238326571	2
AGIQA-3K	Swin	swin_large	scc	3	hidden_state_003	0.6505576208178439	0.20551198519742714	3
AGIQA-3K	Swin	swin_tiny	scc	3	hidden_state_003	0.5171933085501859	0.1627141887822068	4
AGIQA-3K	SwinV2	swinv2_large	scc	3	hidden_state_003	0.8954460966542751	0.2988305696457072	1
AGIQA-3K	SwinV2	swinv2_small	scc	3	hidden_state_003	0.7086431226765799	0.21079236015570868	2
AGIQA-3K	SwinV2	swinv2_base	scc	3	hidden_state_003	0.4214684014869889	0.14713301506232726	3
AGIQA-3K	SwinV2	swinv2_tiny	scc	3	hidden_state_003	0.3777881040892193	0.13236004643834126	4
AGIQA-3K	VGG	vgg19_bn	scc	2	feature_map_002	0.6868029739776952	0.20757256209902356	1
AGIQA-3K	VGG	vgg16_bn	scc	2	feature_map_002	0.5813197026022305	0.18270575000528477	2
AGIQA-3K	VGG	vgg13	scc	1	feature_map_001	0.5724907063197027	0.18240671484411825	3
AGIQA-3K	VGG	vgg16	scc	1	feature_map_001	0.5557620817843867	0.1767225253151407	4
AGIQA-3K	VGG	vgg19	scc	1	feature_map_001	0.48187732342007433	0.16047963663230855	5
AGIQA-3K	VGG	vgg13_bn	scc	2	feature_map_002	0.4549256505576208	0.15418167342486883	6
AGIQA-3K	VGG	vgg11_bn	scc	2	feature_map_002	0.44656133828996286	0.15007612160585562	7
AGIQA-3K	VGG	vgg11	scc	1	feature_map_001	0.4447026022304833	0.15258871624186168	8
AGIQA-3K	ViT	vit_small	scc	5	block_005	0.8238847583643123	0.2544876368968556	1
AGIQA-3K	ViT	vit_tiny	scc	4	block_004	0.7648698884758365	0.22580041516817567	2
AGIQA-3K	ViT	vit_huge	scc	16	hidden_state_016	0.7430297397769516	0.2199159401830355	3
AGIQA-3K	ViT	vit_large	scc	14	hidden_state_014	0.7002788104089219	0.21074127477104246	4
AGIQA-3K	ViT	vit_base	scc	3	hidden_state_003	0.6110594795539033	0.18955791813849904	5
LIVEC	CLIP	clip_vit_l14_336	pcc	2	hidden_state_002	0.8800883543234922	0.01143354755893361	1
LIVEC	CLIP	clip_vit_l14	pcc	23	hidden_state_023	0.8796481273620365	0.014379238832873694	2
LIVEC	CLIP	clip_vit_b32	pcc	10	hidden_state_010	0.8316910636501251	0.009778820884999713	3
LIVEC	CLIP	clip_vit_b16	pcc	1	hidden_state_001	0.7883392201889973	0.008056537792536712	4
LIVEC	ConvNeXt	convnext_tiny	pcc	0	hidden_state_000	0.8452355514593567	0.010285630732731926	1
LIVEC	ConvNeXt	convnext_base	pcc	0	hidden_state_000	0.7917556989225166	0.008423674835277345	2
LIVEC	ConvNeXt	convnext_large	pcc	0	hidden_state_000	0.7239974324384626	0.005759984770341377	3
LIVEC	ConvNeXt	convnext_small	pcc	0	hidden_state_000	0.7136907152443818	0.005555739791706384	4
LIVEC	DINO	dino_vitb8	pcc	1	hidden_state_001	0.9001459270853714	0.012475716382428009	1
LIVEC	DINO	dino_vits16	pcc	1	hidden_state_001	0.8946207783693239	0.012079784979238197	2
LIVEC	DINO	dino_vits8	pcc	3	hidden_state_003	0.8893850381186776	0.011888101881840155	3
LIVEC	DINO	dino_vitb16	pcc	11	hidden_state_011	0.870505265560693	0.01115604226438286	4
LIVEC	DINOv2	dinov2_giant	pcc	1	hidden_state_001	0.9763897184263731	0.022641945411968612	1
LIVEC	DINOv2	dinov2_large	pcc	1	hidden_state_001	0.9710623714932018	0.021131151434478447	2
LIVEC	DINOv2	dinov2_base	pcc	6	hidden_state_006	0.9344063972786594	0.015226121950230381	3
LIVEC	DINOv2	dinov2_small	pcc	13	canonical_embedding	0.8805180690426908	0.012944895934307955	4
LIVEC	DINOv3	dinov3_vith16plus	pcc	27	block_027	0.952116951055	0.017658066221352808	1
LIVEC	DINOv3	dinov3_vit7b16	pcc	0	block_000	0.9391703738410789	0.01590341296006409	2
LIVEC	DINOv3	dinov3_vitl16	pcc	24	canonical_embedding	0.8878187140223872	0.012055259862257847	3
LIVEC	DINOv3	dinov3_vits16plus	pcc	11	block_011	0.8423873774143831	0.010309872301437224	4
LIVEC	DINOv3	dinov3_vitb16	pcc	9	block_009	0.7951221908714262	0.008373685280993328	5
LIVEC	DINOv3	dinov3_vits16	pcc	12	canonical_embedding	0.6816200094738901	0.004533118043861221	6
LIVEC	FastViT	fastvit_sa12	pcc	0	feature_map_000	0.8972827355514593	0.0131039357790902	1
LIVEC	FastViT	fastvit_ma36	pcc	3	feature_map_003	0.8836822539620426	0.015575634652861181	2
LIVEC	FastViT	fastvit_sa24	pcc	0	feature_map_000	0.8591310194386377	0.010760809531746005	3
LIVEC	FastViT	fastvit_sa36	pcc	2	feature_map_002	0.7082397958308018	0.005025611527654355	4
LIVEC	FastViT	fastvit_t12	pcc	3	feature_map_003	0.6949857891647531	0.004690043812798049	5
LIVEC	FastViT	fastvit_s12	pcc	1	feature_map_001	0.5871018649146835	0.0016053109181123023	6
LIVEC	FastViT	fastvit_t8	pcc	0	feature_map_000	0.5693492621693149	0.0009866252389217306	7
LIVEC	FastViTHD	fastvithd_15b	pcc	40	block_040	0.9993029739776952	0.033065931557409625	1
LIVEC	FastViTHD	fastvithd_05b	pcc	41	block_041	0.998841293460613	0.03287118884832977	2
LIVEC	FastViTHD	fastvithd_7b	pcc	40	block_040	0.9775258987323523	0.023102835233275457	3
LIVEC	I-JEPA	ijepa_vith14	pcc	32	hidden_state_032	0.9671696238247742	0.020960158199664177	1
LIVEC	InternViT	internvit_300m_v25	pcc	24	hidden_state_024	0.9935244587696986	0.028046812582352948	1
LIVEC	InternViT	internvit_6b_v25	pcc	45	hidden_state_045	0.9550638114558554	0.016844299058049607	2
LIVEC	InternViT	internvit_300m	pcc	2	hidden_state_002	0.920818358751506	0.013624045276288785	3
LIVEC	MAE	vit_mae_huge	pcc	25	hidden_state_025	0.99397412529563	0.02838255599657529	1
LIVEC	MAE	vit_mae_large	pcc	2	hidden_state_002	0.9511725655363217	0.01695841173936481	2
LIVEC	MAE	vit_mae_base	pcc	13	canonical_embedding	0.9184348687214023	0.013749798590426162	3
LIVEC	ResNeXt	resnext101_32x8d	pcc	3	feature_map_003	0.734566097546743	0.006211277706486655	1
LIVEC	ResNeXt	resnext50_32x4d	pcc	0	feature_map_000	0.48409047221850365	-0.0013942027405915462	2
LIVEC	ResNet	resnet152	pcc	4	hidden_state_004	0.6989175823044208	0.004827415411385448	1
LIVEC	ResNet	resnet34	pcc	0	hidden_state_000	0.6862769327937335	0.004429456163562434	2
LIVEC	ResNet	resnet18	pcc	0	hidden_state_000	0.6436146066104411	0.0032662262366138224	3
LIVEC	ResNet	resnet50	pcc	0	hidden_state_000	0.45962097574203553	-0.001980875664077261	4
LIVEC	ResNet	resnet101	pcc	0	hidden_state_000	0.45932856377884645	-0.0020443758662925526	5
LIVEC	SigLIP	siglip_base	pcc	0	hidden_state_000	0.9037046428926945	0.012463721857512813	1
LIVEC	SigLIP	siglip_large	pcc	0	hidden_state_000	0.8419816906774862	0.010021174251539052	2
LIVEC	SigLIP	siglip_so400m	pcc	0	hidden_state_000	0.8141532109965777	0.009044094428971547	3
LIVEC	SigLIP2	siglip2_base	pcc	0	hidden_state_000	0.7245082415979295	0.005579598823357531	1
LIVEC	SigLIP2	siglip2_base_naflex	pcc	0	hidden_state_000	0.3972956076848353	-0.003861785681964157	2
LIVEC	SigLIP2	siglip2_large	pcc	0	hidden_state_000	0.33444763101257347	-0.005643460494252493	3
LIVEC	SigLIP2	siglip2_so400m_naflex	pcc	0	hidden_state_000	0.13359236356396761	-0.01608978919914202	4
LIVEC	SigLIP2	siglip2_so400m	pcc	1	pooler_output	0.07633647070130817	-0.019939023424825147	5
LIVEC	Swin	swin_base	pcc	0	hidden_state_000	0.8397869919368957	0.009818465120959076	1
LIVEC	Swin	swin_tiny	pcc	0	hidden_state_000	0.8331106454259303	0.0096978506109192	2
LIVEC	Swin	swin_large	pcc	0	hidden_state_000	0.8252005049308853	0.009362906137238012	3
LIVEC	Swin	swin_small	pcc	0	hidden_state_000	0.8013383586142033	0.008666880720868573	4
LIVEC	SwinV2	swinv2_small	pcc	0	hidden_state_000	0.8878036965334487	0.011796206261959206	1
LIVEC	SwinV2	swinv2_base	pcc	0	hidden_state_000	0.88077486810354	0.01145080821852224	2
LIVEC	SwinV2	swinv2_tiny	pcc	0	hidden_state_000	0.8421149172579266	0.00994665913885661	3
LIVEC	SwinV2	swinv2_large	pcc	0	hidden_state_000	0.8377529803279476	0.00976772055692601	4
LIVEC	VGG	vgg13_bn	pcc	0	feature_map_000	0.812589890398075	0.009035579270967898	1
LIVEC	VGG	vgg19	pcc	4	feature_map_004	0.8009884511219352	0.009181723148604333	2
LIVEC	VGG	vgg19_bn	pcc	0	feature_map_000	0.7957501364446138	0.008209781801077136	3
LIVEC	VGG	vgg16_bn	pcc	0	feature_map_000	0.7451015096438023	0.006550825275346638	4
LIVEC	VGG	vgg11	pcc	5	feature_map_005	0.7212618895605283	0.005806921142716427	5
LIVEC	VGG	vgg11_bn	pcc	0	feature_map_000	0.691903127756782	0.004826729967361862	6
LIVEC	VGG	vgg16	pcc	4	feature_map_004	0.6265875631163607	0.002850716406677155	7
LIVEC	VGG	vgg13	pcc	5	feature_map_005	0.5638361274444181	0.0009152549445603449	8
LIVEC	ViT	vit_tiny	pcc	10	block_010	0.937918558870273	0.015271234387815873	1
LIVEC	ViT	vit_huge	pcc	2	hidden_state_002	0.9219890792820439	0.013508351632630177	2
LIVEC	ViT	vit_small	pcc	0	block_000	0.7840714643682185	0.00767957678651448	3
LIVEC	ViT	vit_large	pcc	1	hidden_state_001	0.7644260144099242	0.0070107127993284165	4
LIVEC	ViT	vit_base	pcc	1	hidden_state_001	0.7301955791945134	0.005934437500835393	5
LIVEC	CLIP	clip_vit_l14_336	scc	20	hidden_state_020	0.9572490706319703	0.013294810617962446	1
LIVEC	CLIP	clip_vit_l14	scc	20	hidden_state_020	0.9079925650557621	0.010754960212386548	2
LIVEC	CLIP	clip_vit_b16	scc	1	hidden_state_001	0.7681226765799256	0.005794254359990067	3
LIVEC	CLIP	clip_vit_b32	scc	2	hidden_state_002	0.6872676579925651	0.003677627048808258	4
LIVEC	ConvNeXt	convnext_tiny	scc	0	hidden_state_000	0.8201672862453532	0.007216174033171046	1
LIVEC	ConvNeXt	convnext_base	scc	0	hidden_state_000	0.7908921933085502	0.006642985285680209	2
LIVEC	ConvNeXt	convnext_large	scc	0	hidden_state_000	0.7323420074349443	0.004792609851487485	3
LIVEC	ConvNeXt	convnext_small	scc	0	hidden_state_000	0.7258364312267658	0.0045950496739290084	4
LIVEC	DINO	dino_vitb8	scc	1	hidden_state_001	0.9423791821561338	0.01190131259502331	1
LIVEC	DINO	dino_vitb16	scc	11	hidden_state_011	0.9395910780669146	0.012351224490257972	2
LIVEC	DINO	dino_vits8	scc	1	hidden_state_001	0.9358736059479553	0.011568612669049294	3
LIVEC	DINO	dino_vits16	scc	1	hidden_state_001	0.8982342007434945	0.009806014494728031	4
LIVEC	DINOv2	dinov2_base	scc	6	hidden_state_006	0.9721189591078067	0.015684300892083378	1
LIVEC	DINOv2	dinov2_giant	scc	1	hidden_state_001	0.9651486988847584	0.013971972726087458	2
LIVEC	DINOv2	dinov2_large	scc	1	hidden_state_001	0.9642193308550187	0.013833318843419339	3
LIVEC	DINOv2	dinov2_small	scc	10	hidden_state_010	0.8573420074349443	0.00956147615937029	4
LIVEC	DINOv3	dinov3_vith16plus	scc	27	block_027	0.9767657992565055	0.018226068335324173	1
LIVEC	DINOv3	dinov3_vits16plus	scc	8	block_008	0.8406133828996283	0.007895613982219177	2
LIVEC	DINOv3	dinov3_vitl16	scc	19	block_019	0.837825278810409	0.007884307813308334	3
LIVEC	DINOv3	dinov3_vit7b16	scc	0	block_000	0.8192379182156133	0.007439356823392165	4
LIVEC	DINOv3	dinov3_vits16	scc	8	block_008	0.745817843866171	0.005131325450140922	5
LIVEC	DINOv3	dinov3_vitb16	scc	10	block_010	0.6347583643122676	0.002358137097265534	6
LIVEC	FastViT	fastvit_ma36	scc	3	feature_map_003	0.8550185873605949	0.011770579889295607	1
LIVEC	FastViT	fastvit_sa24	scc	0	feature_map_000	0.7788104089219331	0.006073495417128167	2
LIVEC	FastViT	fastvit_sa12	scc	2	feature_map_002	0.7769516728624535	0.006674452250194164	3
LIVEC	FastViT	fastvit_t8	scc	0	feature_map_000	0.6974907063197027	0.004235204197930883	4
LIVEC	FastViT	fastvit_t12	scc	3	feature_map_003	0.6807620817843867	0.003515472336341305	5
LIVEC	FastViT	fastvit_sa36	scc	2	feature_map_002	0.6129182156133829	0.001985412159982114	6
LIVEC	FastViT	fastvit_s12	scc	1	feature_map_001	0.533457249070632	6.277705912334443e-05	7
LIVEC	FastViTHD	fastvithd_05b	scc	41	block_041	0.9865241635687733	0.02054599514093637	1
LIVEC	FastViTHD	fastvithd_15b	scc	41	block_041	0.974907063197026	0.01646513050022012	2
LIVEC	FastViTHD	fastvithd_7b	scc	35	block_035	0.9368029739776952	0.011686760052006263	3
LIVEC	I-JEPA	ijepa_vith14	scc	31	hidden_state_031	0.961895910780669	0.015124055352275737	1
LIVEC	InternViT	internvit_300m_v25	scc	24	hidden_state_024	0.9855947955390334	0.02044720950917713	1
LIVEC	InternViT	internvit_6b_v25	scc	45	hidden_state_045	0.9781598513011153	0.01747266241376391	2
LIVEC	InternViT	internvit_300m	scc	3	hidden_state_003	0.9340148698884758	0.011445771293190075	3
LIVEC	MAE	vit_mae_huge	scc	25	hidden_state_025	1.0	0.028987942746862148	1
LIVEC	MAE	vit_mae_large	scc	1	hidden_state_001	0.9618959107806692	0.013634473935000639	2
LIVEC	MAE	vit_mae_base	scc	1	hidden_state_001	0.8796468401486989	0.008994333566976917	3
LIVEC	ResNeXt	resnext101_32x8d	scc	3	feature_map_003	0.7100371747211895	0.004507845668413398	1
LIVEC	ResNeXt	resnext50_32x4d	scc	4	feature_map_004	0.49395910780669144	-0.0008951266940431005	2
LIVEC	ResNet	resnet152	scc	4	hidden_state_004	0.6287174721189591	0.002318663435937175	1
LIVEC	ResNet	resnet34	scc	0	hidden_state_000	0.5780669144981413	0.0012416459012859226	2
LIVEC	ResNet	resnet18	scc	0	hidden_state_000	0.5408921933085502	0.00016498795454265543	3
LIVEC	ResNet	resnet101	scc	0	hidden_state_000	0.379182156133829	-0.0036122834408706603	4
LIVEC	ResNet	resnet50	scc	0	hidden_state_000	0.36849442379182157	-0.003734262545188549	5
LIVEC	SigLIP	siglip_base	scc	0	hidden_state_000	0.8884758364312267	0.00913532020737648	1
LIVEC	SigLIP	siglip_large	scc	0	hidden_state_000	0.8615241635687733	0.008498303847003117	2
LIVEC	SigLIP	siglip_so400m	scc	0	hidden_state_000	0.7685873605947955	0.005778575158565408	3
LIVEC	SigLIP2	siglip2_base	scc	0	hidden_state_000	0.5794609665427509	0.0011572403777164143	1
LIVEC	SigLIP2	siglip2_large	scc	0	hidden_state_000	0.40985130111524165	-0.0028079576286728003	2
LIVEC	SigLIP2	siglip2_base_naflex	scc	1	pooler_output	0.3392193308550186	-0.004821710687973538	3
LIVEC	SigLIP2	siglip2_so400m	scc	1	pooler_output	0.137546468401487	-0.011025797118276393	4
LIVEC	SigLIP2	siglip2_so400m_naflex	scc	0	hidden_state_000	0.06970260223048325	-0.021337267343458616	5
LIVEC	Swin	swin_base	scc	0	hidden_state_000	0.8387546468401487	0.007870055083835476	1
LIVEC	Swin	swin_tiny	scc	0	hidden_state_000	0.837360594795539	0.007759316320428452	2
LIVEC	Swin	swin_large	scc	0	hidden_state_000	0.8034386617100371	0.006740875099516595	3
LIVEC	Swin	swin_small	scc	0	hidden_state_000	0.8029739776951673	0.006683748723678447	4
LIVEC	SwinV2	swinv2_base	scc	0	hidden_state_000	0.8949814126394051	0.009435052180111146	1
LIVEC	SwinV2	swinv2_small	scc	0	hidden_state_000	0.8940520446096655	0.009405744462520103	2
LIVEC	SwinV2	swinv2_tiny	scc	0	hidden_state_000	0.879182156133829	0.008969170487522554	3
LIVEC	SwinV2	swinv2_large	scc	0	hidden_state_000	0.8745353159851301	0.00882074248747531	4
LIVEC	VGG	vgg13_bn	scc	0	feature_map_000	0.7955390334572491	0.006769315103571073	1
LIVEC	VGG	vgg11_bn	scc	0	feature_map_000	0.7783457249070632	0.00611718972670576	2
LIVEC	VGG	vgg19_bn	scc	0	feature_map_000	0.7755576208178439	0.005982527338963923	3
LIVEC	VGG	vgg16_bn	scc	0	feature_map_000	0.7448884758364311	0.0051173860573744435	4
LIVEC	VGG	vgg16	scc	0	feature_map_000	0.7197955390334572	0.004553283366360618	5
LIVEC	VGG	vgg13	scc	0	feature_map_000	0.716542750929368	0.0043788515553434245	6
LIVEC	VGG	vgg11	scc	0	feature_map_000	0.7137546468401487	0.004320926841508496	7
LIVEC	VGG	vgg19	scc	0	feature_map_000	0.6742565055762082	0.0032688066200719573	8
LIVEC	ViT	vit_huge	scc	2	hidden_state_002	0.9289033457249071	0.011122164332389191	1
LIVEC	ViT	vit_small	scc	0	block_000	0.8926579925650557	0.00956283205075497	2
LIVEC	ViT	vit_tiny	scc	10	block_010	0.8517657992565055	0.00820007601722746	3
LIVEC	ViT	vit_large	scc	1	hidden_state_001	0.8299256505576209	0.007449900072208967	4
LIVEC	ViT	vit_base	scc	1	hidden_state_001	0.7681226765799256	0.00569171409738618	5
SPAQ	CLIP	clip_vit_l14_336	pcc	16	hidden_state_016	0.997344615505371	0.45249001658214394	1
SPAQ	CLIP	clip_vit_l14	pcc	17	hidden_state_017	0.9925113344994879	0.4256911517779819	2
SPAQ	CLIP	clip_vit_b32	pcc	4	hidden_state_004	0.9598767595105141	0.38269683391635956	3
SPAQ	CLIP	clip_vit_b16	pcc	9	hidden_state_009	0.9296845215402211	0.3587133957861698	4
SPAQ	ConvNeXt	convnext_base	pcc	1	hidden_state_001	0.5593890863627189	0.23210250264132432	1
SPAQ	ConvNeXt	convnext_small	pcc	2	hidden_state_002	0.5455209104228805	0.22602202409149347	2
SPAQ	ConvNeXt	convnext_tiny	pcc	2	hidden_state_002	0.42929627054786845	0.19590531209060982	3
SPAQ	ConvNeXt	convnext_large	pcc	2	hidden_state_002	0.3616880368235743	0.17463455894489313	4
SPAQ	DINO	dino_vitb8	pcc	5	hidden_state_005	0.6495906311438033	0.25755617500527	1
SPAQ	DINO	dino_vits8	pcc	6	hidden_state_006	0.5944900596532933	0.24068384295489617	2
SPAQ	DINO	dino_vits16	pcc	6	hidden_state_006	0.5490373617994663	0.22737235146097762	3
SPAQ	DINO	dino_vitb16	pcc	5	hidden_state_005	0.4816288600838734	0.20936184598594942	4
SPAQ	DINOv2	dinov2_base	pcc	5	hidden_state_005	0.9746246907073923	0.3928915826722346	1
SPAQ	DINOv2	dinov2_small	pcc	7	hidden_state_007	0.9666515290828493	0.3877965054943445	2
SPAQ	DINOv2	dinov2_large	pcc	11	hidden_state_011	0.9344944420772503	0.361213810806693	3
SPAQ	DINOv2	dinov2_giant	pcc	17	hidden_state_017	0.9139524137905257	0.34927463386257596	4
SPAQ	DINOv3	dinov3_vith16plus	pcc	8	block_008	0.7677735791228424	0.29030033584448633	1
SPAQ	DINOv3	dinov3_vitb16	pcc	0	block_000	0.7677058337631659	0.2934778323815639	2
SPAQ	DINOv3	dinov3_vits16plus	pcc	0	block_000	0.76002584602274	0.28866335131181514	3
SPAQ	DINOv3	dinov3_vitl16	pcc	9	block_009	0.6517054543891518	0.2584622249329795	4
SPAQ	DINOv3	dinov3_vits16	pcc	2	block_002	0.6400880596233919	0.25477960293856544	5
SPAQ	FastViT	fastvit_sa24	pcc	2	feature_map_002	0.949062030454576	0.3733145423419604	1
SPAQ	FastViT	fastvit_ma36	pcc	0	feature_map_000	0.9369286029318323	0.3652797411854989	2
SPAQ	FastViT	fastvit_s12	pcc	0	feature_map_000	0.7776749138465908	0.2922237175582918	3
SPAQ	FastViT	fastvit_sa12	pcc	1	feature_map_001	0.7545067016513048	0.2871863916114113	4
SPAQ	FastViT	fastvit_sa36	pcc	0	feature_map_000	0.7394768095953592	0.28366696565119387	5
SPAQ	FastViT	fastvit_t12	pcc	0	feature_map_000	0.6834142539974435	0.2670986887867126	6
SPAQ	FastViT	fastvit_t8	pcc	1	feature_map_001	0.4369519634006862	0.19794130503098337	7
SPAQ	FastViTHD	fastvithd_7b	pcc	13	block_013	0.8909727205788911	0.3333046208297532	1
SPAQ	FastViTHD	fastvithd_15b	pcc	13	block_013	0.8856537754255343	0.3299159751607491	2
SPAQ	FastViTHD	fastvithd_05b	pcc	13	block_013	0.8796069180626883	0.32725020261986254	3
SPAQ	I-JEPA	ijepa_vith14	pcc	2	hidden_state_002	0.8150937128568545	0.3016198752585655	1
SPAQ	InternViT	internvit_6b_v25	pcc	24	hidden_state_024	0.9903334379882338	0.4131122894351012	1
SPAQ	InternViT	internvit_300m	pcc	8	hidden_state_008	0.9842959248129294	0.4042637726301108	2
SPAQ	InternViT	internvit_300m_v25	pcc	9	hidden_state_009	0.9821215323720033	0.40074117259750097	3
SPAQ	MAE	vit_mae_large	pcc	7	hidden_state_007	0.8598220025715204	0.31734968335801483	1
SPAQ	MAE	vit_mae_huge	pcc	7	hidden_state_007	0.7566145167559971	0.28782769472172165	2
SPAQ	MAE	vit_mae_base	pcc	6	hidden_state_006	0.6590464817265068	0.2599065604163171	3
SPAQ	ResNeXt	resnext101_32x8d	pcc	2	feature_map_002	0.8132246417438497	0.30166671401275486	1
SPAQ	ResNeXt	resnext50_32x4d	pcc	2	feature_map_002	0.7026819687081848	0.2740739292792422	2
SPAQ	ResNet	resnet18	pcc	1	hidden_state_001	0.7909973892340009	0.2953892392610297	1
SPAQ	ResNet	resnet34	pcc	1	hidden_state_001	0.7718609603582188	0.29084600708432823	2
SPAQ	ResNet	resnet101	pcc	2	hidden_state_002	0.7102570679434564	0.2751675817255858	3
SPAQ	ResNet	resnet50	pcc	2	hidden_state_002	0.6739665795788388	0.2647220076446565	4
SPAQ	ResNet	resnet152	pcc	2	hidden_state_002	0.6369656993563724	0.25443753110410927	5
SPAQ	SigLIP	siglip_so400m	pcc	13	hidden_state_013	1.0	0.497099820411953	1
SPAQ	SigLIP	siglip_large	pcc	7	hidden_state_007	0.9557655505969067	0.38022452282424696	2
SPAQ	SigLIP	siglip_base	pcc	1	hidden_state_001	0.933228304665366	0.36391572875400646	3
SPAQ	SigLIP2	siglip2_large	pcc	1	pooler_output	0.4440360255806478	0.19971687274530647	1
SPAQ	SigLIP2	siglip2_so400m	pcc	1	pooler_output	0.3643172575930868	0.17908499946947487	2
SPAQ	SigLIP2	siglip2_base	pcc	1	pooler_output	0.26112145201199044	0.14771946185563556	3
SPAQ	SigLIP2	siglip2_base_naflex	pcc	1	pooler_output	0.22919960492775074	0.13729711352260363	4
SPAQ	Swin	swin_tiny	pcc	2	hidden_state_002	0.6208098327016662	0.24898551943500047	1
SPAQ	Swin	swin_large	pcc	1	hidden_state_001	0.5939156257241746	0.24096905449022737	2
SPAQ	Swin	swin_small	pcc	2	hidden_state_002	0.5492504092754144	0.22674826234918863	3
SPAQ	Swin	swin_base	pcc	2	hidden_state_002	0.5246497331300038	0.2208081333809295	4
SPAQ	SwinV2	swinv2_tiny	pcc	2	hidden_state_002	0.638478756924043	0.2541943090204989	1
SPAQ	SwinV2	swinv2_small	pcc	2	hidden_state_002	0.5920243621657584	0.24018206492919691	2
SPAQ	SwinV2	swinv2_base	pcc	2	hidden_state_002	0.5543189302026568	0.2281924770255133	3
SPAQ	SwinV2	swinv2_large	pcc	2	hidden_state_002	0.5147198986342536	0.21797329943115043	4
SPAQ	VGG	vgg16	pcc	1	feature_map_001	0.7434340730192192	0.28669264187312077	1
SPAQ	VGG	vgg19	pcc	1	feature_map_001	0.7115846433884266	0.2755243956964083	2
SPAQ	VGG	vgg19_bn	pcc	1	feature_map_001	0.6691519869480389	0.263456949156189	3
SPAQ	VGG	vgg13	pcc	1	feature_map_001	0.657901351543286	0.2573390666204437	4
SPAQ	VGG	vgg16_bn	pcc	1	feature_map_001	0.6437509811396919	0.25665170968838735	5
SPAQ	VGG	vgg13_bn	pcc	1	feature_map_001	0.6306765939315109	0.2523149306684016	6
SPAQ	VGG	vgg11	pcc	2	feature_map_002	0.6000028966981379	0.24288505605139238	7
SPAQ	VGG	vgg11_bn	pcc	2	feature_map_002	0.49730139863799117	0.21347446588271551	8
SPAQ	ViT	vit_small	pcc	4	block_004	0.9014057395737556	0.33994424237018245	1
SPAQ	ViT	vit_tiny	pcc	3	block_003	0.8460605839743446	0.3119852244074074	2
SPAQ	ViT	vit_huge	pcc	8	hidden_state_008	0.6154745352201116	0.24720600298464188	3
SPAQ	ViT	vit_base	pcc	9	hidden_state_009	0.5355845349958512	0.22656462247715387	4
SPAQ	ViT	vit_large	pcc	11	hidden_state_011	0.4845545252031427	0.2101041970375422	5
SPAQ	CLIP	clip_vit_l14_336	scc	16	hidden_state_016	0.997577519379845	0.42354068588351085	1
SPAQ	CLIP	clip_vit_l14	scc	16	hidden_state_016	0.9937015503875969	0.3999314231283381	2
SPAQ	CLIP	clip_vit_b32	scc	4	hidden_state_004	0.9462209302325582	0.356186309460215	3
SPAQ	CLIP	clip_vit_b16	scc	4	hidden_state_004	0.9142441860465116	0.33071295578901944	4
SPAQ	ConvNeXt	convnext_base	scc	1	hidden_state_001	0.6753875968992248	0.25534684667502316	1
SPAQ	ConvNeXt	convnext_small	scc	2	hidden_state_002	0.627422480620155	0.24099514297357144	2
SPAQ	ConvNeXt	convnext_tiny	scc	1	hidden_state_001	0.47771317829457366	0.19836240157171348	3
SPAQ	ConvNeXt	convnext_large	scc	1	hidden_state_001	0.4607558139534884	0.19361718224853172	4
SPAQ	DINO	dino_vitb8	scc	5	hidden_state_005	0.6099806201550387	0.23523072437318	1
SPAQ	DINO	dino_vits8	scc	6	hidden_state_006	0.5528100775193798	0.2186717914260276	2
SPAQ	DINO	dino_vits16	scc	6	hidden_state_006	0.4820736434108527	0.20007790229819153	3
SPAQ	DINO	dino_vitb16	scc	5	hidden_state_005	0.42974806201550386	0.18646063221743872	4
SPAQ	DINOv2	dinov2_small	scc	7	hidden_state_007	0.9714147286821705	0.3743236445507817	1
SPAQ	DINOv2	dinov2_base	scc	5	hidden_state_005	0.9578488372093024	0.3643055511774852	2
SPAQ	DINOv2	dinov2_large	scc	12	hidden_state_012	0.9341085271317829	0.34636047579426876	3
SPAQ	DINOv2	dinov2_giant	scc	17	hidden_state_017	0.9205426356589147	0.3345552772071586	4
SPAQ	DINOv3	dinov3_vith16plus	scc	8	block_008	0.7218992248062016	0.26818981670526165	1
SPAQ	DINOv3	dinov3_vitb16	scc	0	block_000	0.7160852713178295	0.2666293595393143	2
SPAQ	DINOv3	dinov3_vits16plus	scc	0	block_000	0.6986434108527132	0.26275898690697763	3
SPAQ	DINOv3	dinov3_vitl16	scc	9	block_009	0.6497093023255814	0.24639430190167147	4
SPAQ	DINOv3	dinov3_vits16	scc	1	block_001	0.6298449612403101	0.24090909529135845	5
SPAQ	FastViT	fastvit_sa24	scc	2	feature_map_002	0.9408914728682171	0.351451678953558	1
SPAQ	FastViT	fastvit_ma36	scc	0	feature_map_000	0.9282945736434108	0.3411696258780886	2
SPAQ	FastViT	fastvit_s12	scc	0	feature_map_000	0.7228682170542635	0.2697006309810327	3
SPAQ	FastViT	fastvit_sa12	scc	1	feature_map_001	0.7180232558139534	0.26807481434593994	4
SPAQ	FastViT	fastvit_sa36	scc	0	feature_map_000	0.686046511627907	0.2586513113958483	5
SPAQ	FastViT	fastvit_t12	scc	0	feature_map_000	0.6191860465116279	0.2381265728408986	6
SPAQ	FastViT	fastvit_t8	scc	1	feature_map_001	0.4631782945736434	0.19582363945752873	7
SPAQ	FastViTHD	fastvithd_7b	scc	13	block_013	0.8924418604651163	0.31822428296815597	1
SPAQ	FastViTHD	fastvithd_15b	scc	23	block_023	0.8914728682170543	0.3176680646281692	2
SPAQ	FastViTHD	fastvithd_05b	scc	18	block_018	0.8798449612403101	0.31406394890285727	3
SPAQ	I-JEPA	ijepa_vith14	scc	2	hidden_state_002	0.7325581395348837	0.27163796551375274	1
SPAQ	InternViT	internvit_6b_v25	scc	24	hidden_state_024	0.9888565891472868	0.39233975283400657	1
SPAQ	InternViT	internvit_300m_v25	scc	9	hidden_state_009	0.9830426356589147	0.38642021862554543	2
SPAQ	InternViT	internvit_300m	scc	8	hidden_state_008	0.9815891472868217	0.3844692732779147	3
SPAQ	MAE	vit_mae_large	scc	7	hidden_state_007	0.8706395348837209	0.31071317550573807	1
SPAQ	MAE	vit_mae_huge	scc	7	hidden_state_007	0.7805232558139535	0.2844310087563241	2
SPAQ	MAE	vit_mae_base	scc	3	hidden_state_003	0.6768410852713178	0.255439964641074	3
SPAQ	ResNeXt	resnext101_32x8d	scc	2	feature_map_002	0.7810077519379846	0.28518451876955964	1
SPAQ	ResNeXt	resnext50_32x4d	scc	2	feature_map_002	0.7141472868217054	0.2663840325020416	2
SPAQ	ResNet	resnet18	scc	1	hidden_state_001	0.7703488372093024	0.2818062012210152	1
SPAQ	ResNet	resnet34	scc	1	hidden_state_001	0.749515503875969	0.27646439025818004	2
SPAQ	ResNet	resnet101	scc	1	hidden_state_001	0.7078488372093023	0.26542563530145863	3
SPAQ	ResNet	resnet50	scc	1	hidden_state_001	0.6753875968992248	0.2557964383059611	4
SPAQ	ResNet	resnet152	scc	2	hidden_state_002	0.6438953488372093	0.24440130222887035	5
SPAQ	SigLIP	siglip_so400m	scc	13	hidden_state_013	1.0	0.4690480660421731	1
SPAQ	SigLIP	siglip_large	scc	7	hidden_state_007	0.9481589147286822	0.3580072365524022	2
SPAQ	SigLIP	siglip_base	scc	1	hidden_state_001	0.9219961240310077	0.33812418581990844	3
SPAQ	SigLIP2	siglip2_large	scc	1	pooler_output	0.4064922480620155	0.1824810020260328	1
SPAQ	SigLIP2	siglip2_so400m	scc	1	pooler_output	0.3338178294573643	0.16381806394825943	2
SPAQ	SigLIP2	siglip2_base	scc	1	pooler_output	0.25339147286821706	0.1374793125530182	3
SPAQ	SigLIP2	siglip2_base_naflex	scc	1	pooler_output	0.21511627906976744	0.12791055720659344	4
SPAQ	Swin	swin_tiny	scc	2	hidden_state_002	0.6143410852713178	0.23681503871670456	1
SPAQ	Swin	swin_large	scc	1	hidden_state_001	0.5818798449612403	0.22687643534457885	2
SPAQ	Swin	swin_small	scc	2	hidden_state_002	0.5523255813953489	0.21864144723492013	3
SPAQ	Swin	swin_base	scc	2	hidden_state_002	0.5339147286821706	0.21346649646125598	4
SPAQ	SwinV2	swinv2_tiny	scc	2	hidden_state_002	0.624515503875969	0.23955922083633524	1
SPAQ	SwinV2	swinv2_small	scc	2	hidden_state_002	0.5925387596899225	0.22964527614914387	2
SPAQ	SwinV2	swinv2_base	scc	2	hidden_state_002	0.5465116279069768	0.21746173227656457	3
SPAQ	SwinV2	swinv2_large	scc	2	hidden_state_002	0.5416666666666667	0.21537054134975814	4
SPAQ	VGG	vgg16	scc	1	feature_map_001	0.748062015503876	0.2755634574321927	1
SPAQ	VGG	vgg19	scc	1	feature_map_001	0.7291666666666666	0.2697203531349407	2
SPAQ	VGG	vgg13	scc	1	feature_map_001	0.685077519379845	0.25576543329691465	3
SPAQ	VGG	vgg19_bn	scc	1	feature_map_001	0.6593992248062016	0.24945664211413004	4
SPAQ	VGG	vgg16_bn	scc	1	feature_map_001	0.6400193798449613	0.24391338210608315	5
SPAQ	VGG	vgg13_bn	scc	1	feature_map_001	0.6395348837209303	0.24347280011555872	6
SPAQ	VGG	vgg11	scc	2	feature_map_002	0.5862403100775194	0.22802286146868356	7
SPAQ	VGG	vgg11_bn	scc	2	feature_map_002	0.5198643410852714	0.2088777014160435	8
SPAQ	ViT	vit_small	scc	4	block_004	0.8856589147286822	0.31663471707712265	1
SPAQ	ViT	vit_tiny	scc	3	block_003	0.8372093023255813	0.3012964618085163	2
SPAQ	ViT	vit_huge	scc	8	hidden_state_008	0.6027131782945736	0.23270446599630853	3
SPAQ	ViT	vit_base	scc	3	hidden_state_003	0.5	0.20333591341403623	4
SPAQ	ViT	vit_large	scc	11	hidden_state_011	0.4316860465116279	0.18742623216787552	5
koniq10k	CLIP	clip_vit_l14_336	pcc	14	hidden_state_014	0.997685177224723	0.36809315005439025	1
koniq10k	CLIP	clip_vit_l14	pcc	14	hidden_state_014	0.9911989449394578	0.34743861225090267	2
koniq10k	CLIP	clip_vit_b16	pcc	8	hidden_state_008	0.961276260450017	0.2972197291078064	3
koniq10k	CLIP	clip_vit_b32	pcc	7	hidden_state_007	0.9329907166364615	0.2616103882438734	4
koniq10k	ConvNeXt	convnext_small	pcc	0	hidden_state_000	0.4579785514582738	0.10052613345142147	1
koniq10k	ConvNeXt	convnext_base	pcc	0	hidden_state_000	0.4032651252282583	0.08969602886781916	2
koniq10k	ConvNeXt	convnext_large	pcc	0	hidden_state_000	0.3988882402704367	0.0892283704770235	3
koniq10k	ConvNeXt	convnext_tiny	pcc	1	hidden_state_001	0.3174069084456427	0.07356065039120344	4
koniq10k	DINO	dino_vitb8	pcc	6	hidden_state_006	0.8360985112916925	0.20613353947933674	1
koniq10k	DINO	dino_vits8	pcc	6	hidden_state_006	0.7865428197077606	0.18103661767739598	2
koniq10k	DINO	dino_vits16	pcc	6	hidden_state_006	0.767971579048726	0.17417398882844276	3
koniq10k	DINO	dino_vitb16	pcc	5	hidden_state_005	0.6968199020595689	0.1516147734223247	4
koniq10k	DINOv2	dinov2_base	pcc	3	hidden_state_003	0.9494590579423569	0.28060903443592433	1
koniq10k	DINOv2	dinov2_small	pcc	7	hidden_state_007	0.9476218151305587	0.2800751618738671	2
koniq10k	DINOv2	dinov2_large	pcc	17	hidden_state_017	0.9399609768595099	0.26787628609409775	3
koniq10k	DINOv2	dinov2_giant	pcc	24	hidden_state_024	0.926984213639443	0.2578860875439605	4
koniq10k	DINOv3	dinov3_vits16	pcc	0	block_000	0.7932194821674823	0.18321640364253236	1
koniq10k	DINOv3	dinov3_vitl16	pcc	2	block_002	0.7773114698286386	0.17880691172228408	2
koniq10k	DINOv3	dinov3_vit7b16	pcc	1	block_001	0.7273867391820186	0.16536141789204867	3
koniq10k	DINOv3	dinov3_vith16plus	pcc	1	block_001	0.7260528682309166	0.17255955719190974	4
koniq10k	DINOv3	dinov3_vitb16	pcc	0	block_000	0.7181685001839822	0.15852960108735886	5
koniq10k	DINOv3	dinov3_vits16plus	pcc	0	block_000	0.583877614008783	0.1280202731453975	6
koniq10k	FastViT	fastvit_sa24	pcc	2	feature_map_002	0.7455407959035589	0.16734368914466152	1
koniq10k	FastViT	fastvit_ma36	pcc	1	feature_map_001	0.7042129344645087	0.1531797052640046	2
koniq10k	FastViT	fastvit_sa36	pcc	0	feature_map_000	0.5773443115110957	0.11954622820443711	3
koniq10k	FastViT	fastvit_t12	pcc	0	feature_map_000	0.5719400493141075	0.12135508937262592	4
koniq10k	FastViT	fastvit_sa12	pcc	2	feature_map_002	0.5344412099494822	0.1192492123336827	5
koniq10k	FastViT	fastvit_s12	pcc	0	feature_map_000	0.48213653198711093	0.10273002278371787	6
koniq10k	FastViT	fastvit_t8	pcc	1	feature_map_001	0.4681614074122473	0.10032751443494245	7
koniq10k	FastViTHD	fastvithd_15b	pcc	24	block_024	0.7120663522347819	0.15613305230818994	1
koniq10k	FastViTHD	fastvithd_05b	pcc	1	block_001	0.6698220187146007	0.14359173098246358	2
koniq10k	FastViTHD	fastvithd_7b	pcc	1	block_001	0.6505419307470365	0.1378847384665946	3
koniq10k	I-JEPA	ijepa_vith14	pcc	21	hidden_state_021	0.6645523042480974	0.1419721273106252	1
koniq10k	InternViT	internvit_6b_v25	pcc	31	hidden_state_031	0.9979089219330854	0.3684670762060367	1
koniq10k	InternViT	internvit_300m_v25	pcc	11	hidden_state_011	0.9898199381682251	0.3515018820230372	2
koniq10k	InternViT	internvit_300m	pcc	9	hidden_state_009	0.9353195100227313	0.2632392603716495	3
koniq10k	MAE	vit_mae_large	pcc	7	hidden_state_007	0.814327140985388	0.19393790169345304	1
koniq10k	MAE	vit_mae_huge	pcc	12	hidden_state_012	0.7869720398639564	0.1804462801425708	2
koniq10k	MAE	vit_mae_base	pcc	3	hidden_state_003	0.6857448613943443	0.14891166054010269	3
koniq10k	ResNeXt	resnext50_32x4d	pcc	0	feature_map_000	0.5828915038051645	0.12052920741137689	1
koniq10k	ResNeXt	resnext101_32x8d	pcc	0	feature_map_000	0.5097143031545209	0.10795083273899511	2
koniq10k	ResNet	resnet101	pcc	0	hidden_state_000	0.6912737844278842	0.1500617275507561	1
koniq10k	ResNet	resnet34	pcc	0	hidden_state_000	0.6812656685775597	0.15172064827250087	2
koniq10k	ResNet	resnet18	pcc	0	hidden_state_000	0.6743684853966277	0.15264583177536942	3
koniq10k	ResNet	resnet152	pcc	0	hidden_state_000	0.6673812455079112	0.14288584106728897	4
koniq10k	ResNet	resnet50	pcc	0	hidden_state_000	0.6328278408055326	0.13329150145819502	5
koniq10k	SigLIP	siglip_so400m	pcc	8	hidden_state_008	0.919551418726293	0.25342079992151734	1
koniq10k	SigLIP	siglip_large	pcc	8	hidden_state_008	0.8899913253252358	0.2377527409259941	2
koniq10k	SigLIP	siglip_base	pcc	1	hidden_state_001	0.756893529328826	0.1765203698994053	3
koniq10k	SigLIP2	siglip2_so400m	pcc	1	pooler_output	0.2089792770703156	0.042182896349504895	1
koniq10k	SigLIP2	siglip2_large	pcc	1	pooler_output	0.16234838663085607	0.028073228104038922	2
koniq10k	SigLIP2	siglip2_so400m_naflex	pcc	1	pooler_output	0.151548674468429	0.024894227307077625	3
koniq10k	SigLIP2	siglip2_base_naflex	pcc	1	pooler_output	0.11394043447310592	0.013012163672996584	4
koniq10k	SigLIP2	siglip2_base	pcc	1	pooler_output	0.07082476469192436	-0.007947555942020776	5
koniq10k	Swin	swin_base	pcc	3	hidden_state_003	0.7687051435920891	0.1750559916454396	1
koniq10k	Swin	swin_large	pcc	3	hidden_state_003	0.6697583987014639	0.14437898524877885	2
koniq10k	Swin	swin_small	pcc	3	hidden_state_003	0.6124148437526866	0.1346877932202854	3
koniq10k	Swin	swin_tiny	pcc	3	hidden_state_003	0.4581365268287315	0.09990708588420813	4
koniq10k	SwinV2	swinv2_large	pcc	3	hidden_state_003	0.779333769502973	0.17807958048791106	1
koniq10k	SwinV2	swinv2_base	pcc	2	hidden_state_002	0.5263429840881189	0.11083401786434402	2
koniq10k	SwinV2	swinv2_tiny	pcc	1	hidden_state_001	0.48793132649446846	0.1049337922135925	3
koniq10k	SwinV2	swinv2_small	pcc	2	hidden_state_002	0.4858101578808002	0.1045554878151862	4
koniq10k	VGG	vgg16_bn	pcc	1	feature_map_001	0.6889299457682374	0.1492993609107127	1
koniq10k	VGG	vgg19_bn	pcc	1	feature_map_001	0.6831095742961392	0.14785911127898338	2
koniq10k	VGG	vgg11	pcc	1	feature_map_001	0.5831427598705591	0.13242111442375779	3
koniq10k	VGG	vgg16	pcc	1	feature_map_001	0.5756818088029465	0.13708359162362035	4
koniq10k	VGG	vgg13	pcc	1	feature_map_001	0.541849072695322	0.12435386987206101	5
koniq10k	VGG	vgg19	pcc	1	feature_map_001	0.5293638600497268	0.12014567424258345	6
koniq10k	VGG	vgg11_bn	pcc	0	feature_map_000	0.5189465127635502	0.11052374548543042	7
koniq10k	VGG	vgg13_bn	pcc	1	feature_map_001	0.5182258441687959	0.10992466063909609	8
koniq10k	ViT	vit_tiny	pcc	4	block_004	0.953160410125555	0.28449671342809946	1
koniq10k	ViT	vit_small	pcc	7	block_007	0.9494504606432843	0.2803832898971894	2
koniq10k	ViT	vit_huge	pcc	15	hidden_state_015	0.835855422660417	0.20573867138936958	3
koniq10k	ViT	vit_base	pcc	7	hidden_state_007	0.8238555275474657	0.20555175669860035	4
koniq10k	ViT	vit_large	pcc	8	hidden_state_008	0.7710481225218286	0.18164897012917147	5
koniq10k	CLIP	clip_vit_l14_336	scc	14	hidden_state_014	0.9968094804010939	0.3363601549408233	1
koniq10k	CLIP	clip_vit_l14	scc	14	hidden_state_014	0.9845031905195989	0.3145363408163702	2
koniq10k	CLIP	clip_vit_b16	scc	8	hidden_state_008	0.9594348222424794	0.27479747151075906	3
koniq10k	CLIP	clip_vit_b32	scc	7	hidden_state_007	0.9339106654512306	0.24718610729926002	4
koniq10k	ConvNeXt	convnext_small	scc	1	hidden_state_001	0.5091157702825888	0.10682327694101615	1
koniq10k	ConvNeXt	convnext_base	scc	0	hidden_state_000	0.42798541476754787	0.09074449459181862	2
koniq10k	ConvNeXt	convnext_large	scc	0	hidden_state_000	0.4216043755697356	0.09011844478213199	3
koniq10k	ConvNeXt	convnext_tiny	scc	1	hidden_state_001	0.3969917958067457	0.08693107718983131	4
koniq10k	DINO	dino_vitb8	scc	6	hidden_state_006	0.8359161349134002	0.2020030506567057	1
koniq10k	DINO	dino_vits8	scc	6	hidden_state_006	0.7752962625341842	0.1761858924502097	2
koniq10k	DINO	dino_vits16	scc	5	hidden_state_005	0.7529626253418414	0.16925384602267485	3
koniq10k	DINO	dino_vitb16	scc	5	hidden_state_005	0.7114858705560619	0.15376071301424105	4
koniq10k	DINOv2	dinov2_base	scc	3	hidden_state_003	0.9498632634457611	0.26070461571123016	1
koniq10k	DINOv2	dinov2_small	scc	1	hidden_state_001	0.9398359161349135	0.251667162661104	2
koniq10k	DINOv2	dinov2_large	scc	17	hidden_state_017	0.9293527803099362	0.2437776217375881	3
koniq10k	DINOv2	dinov2_giant	scc	17	hidden_state_017	0.9234275296262534	0.24099471007607973	4
koniq10k	DINOv3	dinov3_vits16	scc	0	block_000	0.7766636280765724	0.17706335770558856	1
koniq10k	DINOv3	dinov3_vitl16	scc	2	block_002	0.7529626253418413	0.16740681847931302	2
koniq10k	DINOv3	dinov3_vith16plus	scc	2	block_002	0.7374658158614403	0.17034886360569415	3
koniq10k	DINOv3	dinov3_vit7b16	scc	1	block_001	0.726982680036463	0.16439638556839808	4
koniq10k	DINOv3	dinov3_vitb16	scc	0	block_000	0.7215132178669097	0.159060071267967	5
koniq10k	DINOv3	dinov3_vits16plus	scc	0	block_000	0.6157702825888788	0.1345565212683536	6
koniq10k	FastViT	fastvit_ma36	scc	1	feature_map_001	0.6923427529626254	0.14851987635835567	1
koniq10k	FastViT	fastvit_sa24	scc	2	feature_map_002	0.690975387420237	0.1484327862915764	2
koniq10k	FastViT	fastvit_t12	scc	0	feature_map_000	0.609845031905196	0.12837255889564	3
koniq10k	FastViT	fastvit_sa12	scc	2	feature_map_002	0.5820419325433	0.12744560254945544	4
koniq10k	FastViT	fastvit_sa36	scc	0	feature_map_000	0.5528714676390155	0.11499820360987963	5
koniq10k	FastViT	fastvit_s12	scc	1	feature_map_001	0.5496809480401094	0.11642481343330266	6
koniq10k	FastViT	fastvit_t8	scc	1	feature_map_001	0.48723792160437557	0.10416521048193492	7
koniq10k	FastViTHD	fastvithd_15b	scc	24	block_024	0.690975387420237	0.14805353792125864	1
koniq10k	FastViTHD	fastvithd_05b	scc	24	block_024	0.6545123062898814	0.13738667601461876	2
koniq10k	FastViTHD	fastvithd_7b	scc	18	block_018	0.6467639015496809	0.1350918909138074	3
koniq10k	I-JEPA	ijepa_vith14	scc	21	hidden_state_021	0.6759343664539654	0.1424339872433576	1
koniq10k	InternViT	internvit_6b_v25	scc	31	hidden_state_031	0.9990884229717412	0.34948532857856757	1
koniq10k	InternViT	internvit_300m_v25	scc	11	hidden_state_011	0.9881494986326345	0.3252412482454796	2
koniq10k	InternViT	internvit_300m	scc	9	hidden_state_009	0.9475843208751139	0.2582085784279943	3
koniq10k	MAE	vit_mae_large	scc	7	hidden_state_007	0.8304466727438469	0.19847822057507641	1
koniq10k	MAE	vit_mae_huge	scc	12	hidden_state_012	0.8044667274384685	0.18606742804341697	2
koniq10k	MAE	vit_mae_base	scc	3	hidden_state_003	0.7060164083865086	0.15291184512495087	3
koniq10k	ResNeXt	resnext50_32x4d	scc	1	feature_map_001	0.5437556973564266	0.1143613584986705	1
koniq10k	ResNeXt	resnext101_32x8d	scc	0	feature_map_000	0.5332725615314493	0.11157133888880447	2
koniq10k	ResNet	resnet18	scc	0	hidden_state_000	0.7041932543299909	0.15651743829317374	1
koniq10k	ResNet	resnet34	scc	0	hidden_state_000	0.6891522333637192	0.1509427073272429	2
koniq10k	ResNet	resnet101	scc	0	hidden_state_000	0.6586144029170464	0.13941006040954446	3
koniq10k	ResNet	resnet50	scc	1	hidden_state_001	0.6490428441203282	0.13752444605663006	4
koniq10k	ResNet	resnet152	scc	0	hidden_state_000	0.6335460346399271	0.13215740326059539	5
koniq10k	SigLIP	siglip_so400m	scc	8	hidden_state_008	0.8928896991795807	0.22869365229333105	1
koniq10k	SigLIP	siglip_large	scc	8	hidden_state_008	0.8650865998176847	0.21102351870756242	2
koniq10k	SigLIP	siglip_base	scc	1	hidden_state_001	0.7347310847766636	0.16403849708350327	3
koniq10k	SigLIP2	siglip2_so400m	scc	1	pooler_output	0.18732907930720144	0.030223353349986385	1
koniq10k	SigLIP2	siglip2_large	scc	1	pooler_output	0.13628076572470377	0.014584541448275954	2
koniq10k	SigLIP2	siglip2_so400m_naflex	scc	1	pooler_output	0.12579762989972654	0.010441184318183649	3
koniq10k	SigLIP2	siglip2_base_naflex	scc	1	pooler_output	0.08796718322698266	-0.003023233240067873	4
koniq10k	SigLIP2	siglip2_base	scc	0	hidden_state_000	0.04740200546946216	-0.01498468674323776	5
koniq10k	Swin	swin_base	scc	3	hidden_state_003	0.7233363719234276	0.15884960991515068	1
koniq10k	Swin	swin_large	scc	3	hidden_state_003	0.6335460346399271	0.13157722351175244	2
koniq10k	Swin	swin_small	scc	3	hidden_state_003	0.5856882406563355	0.12309890989103335	3
koniq10k	Swin	swin_tiny	scc	3	hidden_state_003	0.4598906107566089	0.09808706211750277	4
koniq10k	SwinV2	swinv2_large	scc	3	hidden_state_003	0.7351868732907931	0.1638620577311403	1
koniq10k	SwinV2	swinv2_base	scc	2	hidden_state_002	0.5200546946216955	0.10964466811227822	2
koniq10k	SwinV2	swinv2_small	scc	2	hidden_state_002	0.4981768459434822	0.10498065408991009	3
koniq10k	SwinV2	swinv2_tiny	scc	1	hidden_state_001	0.4949863263445761	0.10456691804543326	4
koniq10k	VGG	vgg16_bn	scc	1	feature_map_001	0.6996353691886964	0.15025317561786325	1
koniq10k	VGG	vgg19_bn	scc	1	feature_map_001	0.682771194165907	0.14471277287633122	2
koniq10k	VGG	vgg16	scc	1	feature_map_001	0.5884229717411121	0.13735900534105336	3
koniq10k	VGG	vgg11	scc	1	feature_map_001	0.5847766636280766	0.1321759389941087	4
koniq10k	VGG	vgg13	scc	1	feature_map_001	0.5556061987237921	0.1250530129727896	5
koniq10k	VGG	vgg11_bn	scc	0	feature_map_000	0.5533272561531449	0.11815241668509115	6
koniq10k	VGG	vgg19	scc	1	feature_map_001	0.5487693710118504	0.12233574716409888	7
koniq10k	VGG	vgg13_bn	scc	1	feature_map_001	0.536918869644485	0.11309431707144563	8
koniq10k	ViT	vit_tiny	scc	4	block_004	0.9512306289881495	0.26550006362350737	1
koniq10k	ViT	vit_small	scc	7	block_007	0.9398359161349135	0.25329409742195047	2
koniq10k	ViT	vit_huge	scc	15	hidden_state_015	0.833637192342753	0.19979047183649973	3
koniq10k	ViT	vit_base	scc	7	hidden_state_007	0.8099361896080219	0.1939157579172353	4
koniq10k	ViT	vit_large	scc	8	hidden_state_008	0.7766636280765724	0.1818165015830232	5
